,,"Name (click to view profile)",Date,Likes,isHearted,isPinned,Comment,"Profile ID","Comment ID","Comment URL"
1,,"Dart Monkey","2023-01-06 01:57:10",2,no,no,"No wonder Hitler killed himself. I would too if I had to deal with this stuff.",UCMsKyzNw2t0RJtrhau5F7IQ,Ugx8f7TESza-hBy_4-N4AaABAg,https://www.youtube.com/watch?v=2rSSxAdDhuU&lc=Ugx8f7TESza-hBy_4-N4AaABAg
2,,"Davi A.F.L","2023-01-06 20:04:15",0,no,no,"For me Transformers ended on the 3rd movie, the 4th and 5th movies never happened.",UCMWbJVHpmN-rvET8-ctpb5w,UgxZO4KSrcz9fHQ6to94AaABAg,https://www.youtube.com/watch?v=2rSSxAdDhuU&lc=UgxZO4KSrcz9fHQ6to94AaABAg
3,,"Barcelona 6","2023-01-07 03:03:32",2,no,no,"Optimus Prime: Legendary Knight 
Bumblebee: WWII Veteran",UCVb3r3HVSNeROrfD1cnu_jg,UgzfqnUSOlnE_68nVGl4AaABAg,https://www.youtube.com/watch?v=2rSSxAdDhuU&lc=UgzfqnUSOlnE_68nVGl4AaABAg
4,,"HauntedPyroGaming 2.0","2023-01-07 16:04:27",0,no,no,"I mean can't really blame bumble bee so",UCy7EmLw6j55xh5EXVEAW3JQ,Ugz6d7RERgcTTNClFiN4AaABAg,https://www.youtube.com/watch?v=2rSSxAdDhuU&lc=Ugz6d7RERgcTTNClFiN4AaABAg
5,,"Yusuf Furkan Tekin","2023-01-07 16:42:28",0,no,no,"So Bumblebee was a communist too 😄✊🏻",UCW5ByuBzVMpLC99OexeEl9Q,UgxTecJjSunFcWBWPbJ4AaABAg,https://www.youtube.com/watch?v=2rSSxAdDhuU&lc=UgxTecJjSunFcWBWPbJ4AaABAg
6,,"Vieux Vieux","2023-01-07 21:32:20",1,no,no,Fdgh,UCJZtB9BbM1qpEjWG821u5Wg,Ugxm8koPob-kTXbkw794AaABAg,https://www.youtube.com/watch?v=2rSSxAdDhuU&lc=Ugxm8koPob-kTXbkw794AaABAg
7,,spitfire,"2023-01-08 05:55:36",1,no,no,"""behind the lines during the war they call him many things, Nice was never one of them""

that's how deep bumblebee is.",UCoAR4lXf8j4-GGVE6DyhR0A,UgyEdskUYfPOC7aNlEF4AaABAg,https://www.youtube.com/watch?v=2rSSxAdDhuU&lc=UgyEdskUYfPOC7aNlEF4AaABAg
8,,Abysmal,"2023-01-08 07:09:51",0,no,no,"unbelievably based",UCTyO7sv5lS7SApDibxkar7w,Ugwn9vRBuERji6irXqB4AaABAg,https://www.youtube.com/watch?v=2rSSxAdDhuU&lc=Ugwn9vRBuERji6irXqB4AaABAg
9,,NVS0K,"2023-01-08 12:33:49",0,no,no,"No one:
History channel at 3am:",UCgMN79UqFkiHJuwJZ0x3fcA,UgxA8Oe6MswQ2qwBsWB4AaABAg,https://www.youtube.com/watch?v=2rSSxAdDhuU&lc=UgxA8Oe6MswQ2qwBsWB4AaABAg
10,,zkai,"2023-01-08 14:54:00",0,no,no,"I hate that they changed so much of the original storyline",UCaKG_hZNB8BrFrrxa4f7lgA,Ugzrr0jUNq4ONL5Ga3B4AaABAg,https://www.youtube.com/watch?v=2rSSxAdDhuU&lc=Ugzrr0jUNq4ONL5Ga3B4AaABAg
11,,Vibe,"2023-01-09 05:16:41",1,no,no,"How do people hate that it was a good scene negative prime is the only bad thing about it well and the Megatron back",UCGpF59035OgHP0XsFzSKJ1g,UgwSairMoBQoX60I3ON4AaABAg,https://www.youtube.com/watch?v=2rSSxAdDhuU&lc=UgwSairMoBQoX60I3ON4AaABAg
12,,"kirby com faca fds","2023-01-09 17:51:53",0,no,no,"Transformers out of context:",UCBaYeYLoyNdlFLZ60ml-mTg,UgzVkexnSyOshMVfEGV4AaABAg,https://www.youtube.com/watch?v=2rSSxAdDhuU&lc=UgzVkexnSyOshMVfEGV4AaABAg
13,,"Delores Taylor","2023-01-10 07:47:40",0,no,no,"0:18 we're not invited",UCY38IquQplr27mW-XcU-H1g,Ugyr4RjIsAEIqRJZ4IJ4AaABAg,https://www.youtube.com/watch?v=2rSSxAdDhuU&lc=Ugyr4RjIsAEIqRJZ4IJ4AaABAg
14,,Sideswipe,"2023-01-11 09:35:56",0,no,no,"I was there too i helped on the beaches of normandy",UCrXHfmxrZotTS6NujLwmufg,UgwEPx_m8pnBR5xJFeV4AaABAg,https://www.youtube.com/watch?v=2rSSxAdDhuU&lc=UgwEPx_m8pnBR5xJFeV4AaABAg
15,,"rüzgar kozak","2023-01-11 12:15:02",0,no,no,"Germany: we have the best military technology 
USA: oh yea?!",UCgJJOwOEmiTeK76qg1nY0Jw,Ugz02c74U1gdXWlKT_V4AaABAg,https://www.youtube.com/watch?v=2rSSxAdDhuU&lc=Ugz02c74U1gdXWlKT_V4AaABAg
16,,Zach,"2023-01-11 14:36:05",1,no,no,"Wait how is bumblebee in WW2 if in the Bumblebee movie he is literally shown crash landing on earth in the 80s",UC1hNvnXxd9K1QFCSqqEMVbA,UgwmaVzqcRv5tEDs1kx4AaABAg,https://www.youtube.com/watch?v=2rSSxAdDhuU&lc=UgwmaVzqcRv5tEDs1kx4AaABAg
17,,"Jack Bel","2023-01-12 04:33:38",1,no,no,"I would love to see a short film or even a movie about bee and hit rod in WW2",UCpTM6clhCTQPkH-rXcW48HA,UgxOyOrxkjzOTrGq4_x4AaABAg,https://www.youtube.com/watch?v=2rSSxAdDhuU&lc=UgxOyOrxkjzOTrGq4_x4AaABAg
18,,C,"2023-01-15 06:22:15",0,no,no,"Bumblebee looks badass in that car",UCcMsayrVbytYI2P50jN1Z9Q,Ugyyy6TSajALNz9TTj54AaABAg,https://www.youtube.com/watch?v=2rSSxAdDhuU&lc=Ugyyy6TSajALNz9TTj54AaABAg
19,,muffdriver69,"2023-01-15 07:06:30",1,no,no,"Thanks bumblebee for enslaving us in debt to the bankers.",UCxYglQTJTocV7lKZvPEpCGg,UgzkCpHTr5uuiQ6qkyZ4AaABAg,https://www.youtube.com/watch?v=2rSSxAdDhuU&lc=UgzkCpHTr5uuiQ6qkyZ4AaABAg
20,,"Double Oof","2023-01-15 07:17:50",1,no,no,"Most of those explosions look more like practical effects rather than CGI, if that’s the case I’m impressed the only digitally animated thing there are the robots",UCgo5emMhcTNsgEiRpyp1EdA,UgyBMWnRURT4WqBVwJl4AaABAg,https://www.youtube.com/watch?v=2rSSxAdDhuU&lc=UgyBMWnRURT4WqBVwJl4AaABAg
21,,"maan 101","2023-01-16 01:51:31",0,no,no,"I realy want to see a ww2 transformers movie with this in it",UCU4VAXFj1TVg7AbJXxOrjRA,UgwPsDiVT1v-I07wug94AaABAg,https://www.youtube.com/watch?v=2rSSxAdDhuU&lc=UgwPsDiVT1v-I07wug94AaABAg
22,,"Ethan Hunt","2023-01-17 11:10:43",0,no,no,"Must admit the ww bee was a notch above",UCUrzEMbxVrXgQYzz8enjyYA,Ugxcjp5PcV9WP-Ux6bN4AaABAg,https://www.youtube.com/watch?v=2rSSxAdDhuU&lc=Ugxcjp5PcV9WP-Ux6bN4AaABAg
23,,VoDKa,"2023-01-17 20:06:40",0,no,no,"I will assume that Bumblebee was on the side of the USSR, another group of potential genocidal LMAOOOOO",UCTmxn7XHpEkuk-kKWZdlUoA,UgwhjMmdZYkazCiWtDZ4AaABAg,https://www.youtube.com/watch?v=2rSSxAdDhuU&lc=UgwhjMmdZYkazCiWtDZ4AaABAg
24,,Ark,"2023-01-19 16:37:05",0,no,no,"I actually would've love to see a ww2 transformers film!",UCCjHO9TF_j0yduah-6zufhg,Ugw3SNdTDsgw8XsOY1F4AaABAg,https://www.youtube.com/watch?v=2rSSxAdDhuU&lc=Ugw3SNdTDsgw8XsOY1F4AaABAg
25,,"I Like Everything","2023-01-20 15:57:06",0,no,no,"This really made me lose brain cells in every area",UCrrwsIghuIz9w-5iGE_dvTw,UgwxttO5oJvNPMHwvyB4AaABAg,https://www.youtube.com/watch?v=2rSSxAdDhuU&lc=UgwxttO5oJvNPMHwvyB4AaABAg
26,,JermaJearest87,"2023-01-20 16:59:41",0,no,no,"This feels inconsistent.",UCFBrIs0T-6TaA4GQR1aUYjw,Ugxc6C6IjQqdzgHPe5F4AaABAg,https://www.youtube.com/watch?v=2rSSxAdDhuU&lc=Ugxc6C6IjQqdzgHPe5F4AaABAg
27,,GAMER-XD,"2023-01-21 00:18:52",1,no,no,"0:49  i like how cade is so confused and said ""bee his so nice"" 😂",UCPsuNpBN1Bmo9s70CIW1u-Q,UgzLCBORl596gigVaZ14AaABAg,https://www.youtube.com/watch?v=2rSSxAdDhuU&lc=UgzLCBORl596gigVaZ14AaABAg
28,,"Nia 1# Waifu","2023-01-21 13:11:13",0,no,no,"Definitely would like to see Bumblebee work with the Inglorious Basterds lol",UCUoP_XEEzfirztSe4_QRx_Q,UgytHe-nNafCUyTOTx14AaABAg,https://www.youtube.com/watch?v=2rSSxAdDhuU&lc=UgytHe-nNafCUyTOTx14AaABAg
29,,"Ship To My House","2023-01-26 04:06:15",1,no,no,"Michael bay didnt make the bayverse, he made separate movies with references to each other",UCDX_MQQodsTFC_QVRLhzE4g,Ugw-hVlHJrkkdlqOf1t4AaABAg,https://www.youtube.com/watch?v=2rSSxAdDhuU&lc=Ugw-hVlHJrkkdlqOf1t4AaABAg
30,,"I AM MOTIVATED","2023-01-27 07:27:42",0,no,no,"So far that this is my favorite version of bumblebee for some reason",UC9D21QlGEoo4_dIbapFstiQ,Ugy6-w0GMgHSMRmX18l4AaABAg,https://www.youtube.com/watch?v=2rSSxAdDhuU&lc=Ugy6-w0GMgHSMRmX18l4AaABAg
31,,DADAVA,"2023-01-27 16:25:52",0,no,no,"WWII Bumblebee looks like G1 Hound, in my opinion",UCa35UZaSCQAdRg-27x-UBQg,UgyMgZdeDIsx9sbcsbF4AaABAg,https://www.youtube.com/watch?v=2rSSxAdDhuU&lc=UgyMgZdeDIsx9sbcsbF4AaABAg
32,,"Wayne Z","2023-01-30 04:47:04",0,no,no,"i did not notice that there were 2 autobots involved in the wwii scene....",UConjMiZHMJUITw4ma0L3rQg,UgxT4eVdxQEzA-U_hrZ4AaABAg,https://www.youtube.com/watch?v=2rSSxAdDhuU&lc=UgxT4eVdxQEzA-U_hrZ4AaABAg
33,,GangstaRanger,"2023-01-31 01:18:58",0,no,no,"History Channel after midnight:",UCCszscx8YogQsHPxGogfwEw,UgzCZe7UFqpK5Jg6iwd4AaABAg,https://www.youtube.com/watch?v=2rSSxAdDhuU&lc=UgzCZe7UFqpK5Jg6iwd4AaABAg
34,,"Toniroz Vincci Tan","2023-02-04 11:17:51",0,no,no,"If you look closely you can see the moment bee changes  vehicle cause his car mode dosnet match his robot mod",UCCDqY6dRwHFi6x_3PpGKD-A,UgwXv_2wk0_pHO8N1GB4AaABAg,https://www.youtube.com/watch?v=2rSSxAdDhuU&lc=UgwXv_2wk0_pHO8N1GB4AaABAg
35,,"Kwong Chungyeung","2023-02-05 17:18:17",0,no,no,德国人说什么东西好高大。😂,UCPJUW1N9fmt6ix3sDcbbBzA,UgwfG8o2eXifqKLA7aB4AaABAg,https://www.youtube.com/watch?v=2rSSxAdDhuU&lc=UgwfG8o2eXifqKLA7aB4AaABAg
36,,"Thrust the Conehead","2023-02-06 00:23:47",1,no,no,"History Channel at 3am…",UCklHUnFouzjZVZM03Sbco2w,UgxBl7MpRMb9SK1O4cR4AaABAg,https://www.youtube.com/watch?v=2rSSxAdDhuU&lc=UgxBl7MpRMb9SK1O4cR4AaABAg
37,,"Le Palm","2023-02-06 12:45:01",0,no,no,"Are they at Berlin?",UCzfA-fwNvPvU2ehN519B3Vg,Ugy40Aou7xoDRjpUmh14AaABAg,https://www.youtube.com/watch?v=2rSSxAdDhuU&lc=Ugy40Aou7xoDRjpUmh14AaABAg
38,,"Ayu Nurul ain","2023-02-09 13:51:29",0,no,no,"That bee and hot rod in the world war",UC0oKRbNKLIuubt8muOs-7vw,Ugz0OKv0rkD3aLBG6ON4AaABAg,https://www.youtube.com/watch?v=2rSSxAdDhuU&lc=Ugz0OKv0rkD3aLBG6ON4AaABAg
39,,"Vigo Edwin Pandika","2023-02-13 09:58:43",0,no,no,"0:19 We’re not invited 🔥🔥",UCbv9Wl57ozmTwS1geShxw_Q,UgwSSIdABqxf27CthS54AaABAg,https://www.youtube.com/watch?v=2rSSxAdDhuU&lc=UgwSSIdABqxf27CthS54AaABAg
40,,-STRIKER-,"2023-02-13 13:56:37",1,no,no,"Bayverse has really confusing timeline in the first movie hes called a threat in this movie hes called a hero while presenting his world war actions",UCikXLyGHl-je0tw4jKzxs3g,UgxIfEmh9rath9qyRml4AaABAg,https://www.youtube.com/watch?v=2rSSxAdDhuU&lc=UgxIfEmh9rath9qyRml4AaABAg
41,,"Pureblood Legend","2023-02-18 03:52:55",1,no,no,"The writers for Transformers: But, Mr. Bay I thought that the autobots didn’t arrive until 2007 for live action and in the 80s for G1. 
Michael Bay: No… they arrived here millions of years ago, and then arrived again in the 80s. Just add the WW2 stuff because it’s cool.",UCSaG88brhwVXloUKubOm06Q,Ugz7xAyzC9M1JtnUFWB4AaABAg,https://www.youtube.com/watch?v=2rSSxAdDhuU&lc=Ugz7xAyzC9M1JtnUFWB4AaABAg
42,,Steven,"2023-02-18 09:27:53",1,no,no,"Atuobots roll out!",UCgcQPIoDeu5yRpYnMksC3Ng,UgyhnhqdKCfcEh5gV814AaABAg,https://www.youtube.com/watch?v=2rSSxAdDhuU&lc=UgyhnhqdKCfcEh5gV814AaABAg
43,,"Reynaldo Abieras","2023-02-18 13:23:32",0,no,no,"Oh yes my favorite robot defeating hitler - WW2 soldier",UCs6O0rf4fQFJD3ijEHobY0g,Ugxx1jD8Q8PjLuSCXdR4AaABAg,https://www.youtube.com/watch?v=2rSSxAdDhuU&lc=Ugxx1jD8Q8PjLuSCXdR4AaABAg
44,,"Stitch 626","2023-02-20 04:13:39",0,no,no,"ZB-7, B-127 and Bumblebee",UCsVbN4qN5dQVEWTaRi0JHUw,UgyIJeVYrQdgttbMT5J4AaABAg,https://www.youtube.com/watch?v=2rSSxAdDhuU&lc=UgyIJeVYrQdgttbMT5J4AaABAg
45,,"Adam Nool","2023-02-21 14:17:05",0,no,no,H1l3r,UCUX90A4bLA6GBfsXFyLsdJQ,Ugz3g73a5PLll0YJVYp4AaABAg,https://www.youtube.com/watch?v=2rSSxAdDhuU&lc=Ugz3g73a5PLll0YJVYp4AaABAg
46,,"ADHD Orthodox Prophet","2023-02-21 15:52:46",0,no,no,"Personally, I’d like to see a Transformer movie that takes place during WW2.",UCjMkxc8XcCQvXL-fZpuTptQ,UgzPqPRPR6zn_X1mDbd4AaABAg,https://www.youtube.com/watch?v=2rSSxAdDhuU&lc=UgzPqPRPR6zn_X1mDbd4AaABAg
47,,Shaggy,"2023-02-22 06:32:32",1,no,no,"When I watch this scene I imagine Captain America, Wolverine, Wonder Woman, and The Justice Society Of America fighting Alongside with the Autobots",UCfy7JkC0DhMXKD4U4RDIpJA,Ugz1ZyrRh44HFFG0R4t4AaABAg,https://www.youtube.com/watch?v=2rSSxAdDhuU&lc=Ugz1ZyrRh44HFFG0R4t4AaABAg
48,,PanglimaTempurTNI,"2023-02-23 12:21:23",0,no,no,"Pov : world war two in another universe💀",UCXC4OUwoj3YSeB0TxnZ7pFA,UgwY1-BBuUIOc2Lq1r14AaABAg,https://www.youtube.com/watch?v=2rSSxAdDhuU&lc=UgwY1-BBuUIOc2Lq1r14AaABAg
49,,PanglimaTempurTNI,"2023-02-23 12:23:06",0,no,no,"Pov : world war two in another universe💀",UCXC4OUwoj3YSeB0TxnZ7pFA,UgwPErZ3rvzC4ZcTtVN4AaABAg,https://www.youtube.com/watch?v=2rSSxAdDhuU&lc=UgwPErZ3rvzC4ZcTtVN4AaABAg
50,,"Faith corinthians","2023-02-23 13:52:38",0,no,no,"Kanye joined the chat",UClPoyWaH7jQ6O9rXP0NDvQg,UgwjKnkxPwrEX9QMT-Z4AaABAg,https://www.youtube.com/watch?v=2rSSxAdDhuU&lc=UgwjKnkxPwrEX9QMT-Z4AaABAg
51,,"Mike the robot inkling","2023-02-24 14:37:57",0,no,no,"Wtf, i thought the only reason why bumblebee was in earth because he was following megatron from getting the allspark not some 18th century war",UCi7ZpHAoTxB4QKDYlFxgzag,UgxH1kqnJ3zz1Kc2FkZ4AaABAg,https://www.youtube.com/watch?v=2rSSxAdDhuU&lc=UgxH1kqnJ3zz1Kc2FkZ4AaABAg
52,,Anonymousbear10,"2023-02-26 02:49:53",0,no,no,"So is this the same bumblebee that was a beetle? In tha bumblebee movie?",UCdWpE4Uk1PklOgYI7h3mjvw,Ugz1kKwZynf7z9K0lAh4AaABAg,https://www.youtube.com/watch?v=2rSSxAdDhuU&lc=Ugz1kKwZynf7z9K0lAh4AaABAg
53,,"🤍 анастасия 🖇️","2023-02-27 10:59:11",0,no,no,"Почему бамблби серый",UCTdJaE0Jqr5Xe8QqE9Cf79g,Ugz8bORCY0g1Um2YwE14AaABAg,https://www.youtube.com/watch?v=2rSSxAdDhuU&lc=Ugz8bORCY0g1Um2YwE14AaABAg
54,,"Runninman Fudalaw","2023-03-02 14:36:27",0,no,no,"""we're not invited""💅",UCpxzpsyuUH_Dx1-IruMxuZw,UgxZ8grRZMYHzJ8Q4Ux4AaABAg,https://www.youtube.com/watch?v=2rSSxAdDhuU&lc=UgxZ8grRZMYHzJ8Q4Ux4AaABAg
55,,"predator knight","2023-03-02 17:51:10",1,no,no,"Optimus:im ganna see the humans history
Bumblebee:*chilling*
Optimus:hey bumblebee why is there a picture of you in ww2?",UCDwgJwmDJjHpdWswFNQRF-g,Ugwm8-xxMev43uWc3gZ4AaABAg,https://www.youtube.com/watch?v=2rSSxAdDhuU&lc=Ugwm8-xxMev43uWc3gZ4AaABAg
56,,JD,"2023-03-10 18:16:27",0,no,no,"we defeated the wrong enemy",UCvltlgHhv-LOLjcgWyV3cvQ,UgxUi0v3bUfZYbU1HGl4AaABAg,https://www.youtube.com/watch?v=2rSSxAdDhuU&lc=UgxUi0v3bUfZYbU1HGl4AaABAg
57,,"mahdi smokay","2023-03-12 01:29:32",0,no,no,"Now movies like: agenda ↗️↗️↗️",UCd4sCvHYMoUUAdCQn8SCDCQ,UgwMA6bnL-Ia2jfxhPt4AaABAg,https://www.youtube.com/watch?v=2rSSxAdDhuU&lc=UgwMA6bnL-Ia2jfxhPt4AaABAg
58,,SowSow,"2023-03-12 21:42:34",1,no,no,"the bayverse makes no sense",UCQH9Hi8ANsnL92n_1HJdIFA,UgwUrxKcvYbhCpKaGzl4AaABAg,https://www.youtube.com/watch?v=2rSSxAdDhuU&lc=UgwUrxKcvYbhCpKaGzl4AaABAg
59,,"Devashish Jaybhaye","2023-03-17 15:37:05",0,no,no,"This scene is from ww2 
But according to bumblebee movie he had came in 1987 or 1986 
Why",UCUbGCVD6wodpURVpHQzlKRg,Ugzhqj7DEGJw2nwr7Ix4AaABAg,https://www.youtube.com/watch?v=2rSSxAdDhuU&lc=Ugzhqj7DEGJw2nwr7Ix4AaABAg
60,,"the ultimategmoney 2023 NASCAR dude - top gear","2023-03-18 17:44:09",0,no,no,"I see bumblebee hates the little Austrian painter as well",UCckbKHfZT6d7ULckzkCF8YA,UgxGFaKkauzMbkk4X_V4AaABAg,https://www.youtube.com/watch?v=2rSSxAdDhuU&lc=UgxGFaKkauzMbkk4X_V4AaABAg
61,,"Ramsi C:","2023-03-19 20:25:49",0,no,no,"Bumble bee the movie: Yes, Bee went down to earth during the 80's.
The Last Knight: No, don't believe that movie.",UCDHDdMVTlrxg0SMH-nJAY5A,UgwF_LqPxAQNScugJKN4AaABAg,https://www.youtube.com/watch?v=2rSSxAdDhuU&lc=UgwF_LqPxAQNScugJKN4AaABAg
62,,"Noel Matamoros","2023-03-19 20:34:46",0,no,no,"Pt 2 please",UCi-LR03ifrTZlpB0mbfRouA,UgwQ3SPWxu2fDJTmAA14AaABAg,https://www.youtube.com/watch?v=2rSSxAdDhuU&lc=UgwQ3SPWxu2fDJTmAA14AaABAg
63,,"your local tapeworm","2023-03-19 22:59:53",0,no,no,"Only in Berlin☠️",UCG3KN7WRLR0QdEApoJszAHQ,UgyxcFiheu9v-C5xHFR4AaABAg,https://www.youtube.com/watch?v=2rSSxAdDhuU&lc=UgyxcFiheu9v-C5xHFR4AaABAg
64,,"Lee Holman","2023-03-21 04:54:53",0,no,no,"Why did I just realize the Arthur C. Clark quote in the movie? Maybe because I hadn't heard it when I watched the movie the first time but now that I know it, I guess it sticks out.",UCSMwcdUiic_nMQEux8kz0Tw,UgwxGy9279cKsvXmf_N4AaABAg,https://www.youtube.com/watch?v=2rSSxAdDhuU&lc=UgwxGy9279cKsvXmf_N4AaABAg
65,,"Inspector Butters","2023-03-21 18:58:52",0,no,no,"Aside from the messy timeline, the German in this scene is just awful.
I'm German myself and could only discern the meaning from context.",UCTVK76hYZytEwpxduI7GGxA,UgybhF96DufKaFCgjN94AaABAg,https://www.youtube.com/watch?v=2rSSxAdDhuU&lc=UgybhF96DufKaFCgjN94AaABAg
66,,MrCoolshades57,"2023-03-22 17:26:38",0,no,no,"The ww2 scene was my favorite out of the whole movie",UCY4z5DWboNDaiQnI5NfLmKQ,Ugycig6mh4nVVdeZOtx4AaABAg,https://www.youtube.com/watch?v=2rSSxAdDhuU&lc=Ugycig6mh4nVVdeZOtx4AaABAg
67,,Ashcraft,"2023-03-23 00:59:49",0,no,no,"Funny this could have a been a good concept but you ruined a whole franchise I think the new bumblebee new reboot which the 2018 is canon to the 2007 film but with that in the dark of the moon ending if you read the novel then the last knight and age of extinction don’t exist this could be interesting if time travel could be used but we know they going to mess it all up",UC-L8kwRVdNJti-DCqjzuPrQ,UgyYJssakD0W2CGrSBp4AaABAg,https://www.youtube.com/watch?v=2rSSxAdDhuU&lc=UgyYJssakD0W2CGrSBp4AaABAg
68,,"Jasmine produções","2023-03-24 12:19:23",0,no,no,"Queria eu ser um herói assim como Bumblebee 🐝🚕🚖🤖",UCELjgFaNDeCL-EEgT3XocGQ,UgwpaVx85e8_mHPPWEp4AaABAg,https://www.youtube.com/watch?v=2rSSxAdDhuU&lc=UgwpaVx85e8_mHPPWEp4AaABAg
69,,Beanmanproductions3,"2023-03-26 16:15:34",0,no,no,"I like to think the last two bayverse flicks take place in an alternate timeline. One where the autobots screwed the pooch in chicago, leading to massive loss in life and getting hunted by the governments of the world.",UCUQYrox0aR-aLmBA7kIk80Q,UgzEp0gc9nAx9d10SGV4AaABAg,https://www.youtube.com/watch?v=2rSSxAdDhuU&lc=UgzEp0gc9nAx9d10SGV4AaABAg
70,,"Knorr stock pot","2023-03-27 05:49:07",0,no,no,"This scene and story is ridiculous. It is totally not necessary. No wonder the movie flop at the box office. The animal that directed this movie deserved 3 pines of raspberry juice😊",UCTOLYAoJOTzLGtTibhMwY4Q,UgxAiA8ioovqPm-389h4AaABAg,https://www.youtube.com/watch?v=2rSSxAdDhuU&lc=UgxAiA8ioovqPm-389h4AaABAg
71,,"Yiğit Balseven","2023-03-28 11:58:28",0,no,no,"Trash movie",UCFPEdlZ9UXWDhRRk99W5SRw,UgxGfPRb2Wo7AVjQqi14AaABAg,https://www.youtube.com/watch?v=2rSSxAdDhuU&lc=UgxGfPRb2Wo7AVjQqi14AaABAg
72,,"The Golden Minion","2023-04-02 00:02:43",0,no,no,"Germany had to fight, wonder woman, wolverine, captian America, and bumblebee along with Indiana Jones, they were winning but thanks to our brave heros they helped us out",UCKH49eKu5CIhoUdFQmVWxhg,UgzQVfewIloSbCjNGjp4AaABAg,https://www.youtube.com/watch?v=2rSSxAdDhuU&lc=UgzQVfewIloSbCjNGjp4AaABAg
73,,Patothethug,"2023-04-03 17:35:41",0,no,no,"Bumblebee hates N",UCocDFnt3iEHmEdw3fkklVXA,UgxyLdAxUvZ19k2Ubkx4AaABAg,https://www.youtube.com/watch?v=2rSSxAdDhuU&lc=UgxyLdAxUvZ19k2Ubkx4AaABAg
74,,"AmpleCulpt 4life","2023-04-04 10:08:51",0,no,no,"Adof hotrod",UCn-7PlakdCc5JEP2yY8cQUQ,UgxmUkrWtu7OEQ_jVD14AaABAg,https://www.youtube.com/watch?v=2rSSxAdDhuU&lc=UgxmUkrWtu7OEQ_jVD14AaABAg
75,,"Ignacio Ruiz-Retegui","2023-04-04 14:22:49",0,no,no,"This feels like an alternate opening they edited in the middle of another story. Which is why this scene kinda saddens me. If only they focused on the robots...!",UCLxgURrHT6ML0HsE8XWjN9A,UgxcFqMVSpoArw0Rtl14AaABAg,https://www.youtube.com/watch?v=2rSSxAdDhuU&lc=UgxcFqMVSpoArw0Rtl14AaABAg
76,,Countryboy64,"2023-04-08 05:40:05",0,no,no,"I still don't get the storyline of the live action transformers movies, we're dose the first movie come in? It's very confusing",UCZmWywbD19TKebJHuIgiG2A,UgyGE7CkXk_zB1xYNw94AaABAg,https://www.youtube.com/watch?v=2rSSxAdDhuU&lc=UgyGE7CkXk_zB1xYNw94AaABAg
77,,"[ptm08] cr76_dQ","2023-04-08 22:56:19",0,no,no,"Wolfenstein but reverse",UCUuebhGZfK3zfNwmUZyF1-A,UgzYQlQu8ch9O09SC154AaABAg,https://www.youtube.com/watch?v=2rSSxAdDhuU&lc=UgzYQlQu8ch9O09SC154AaABAg
78,,"MUHAMMAD HAIKAL BIN MOHD HARIZAD Moe","2023-04-09 11:19:11",0,no,no,"Hitler when he see this:NEIN NEIN NEIN!!!",UCY1hcuYBUqLrZ3X8WK_AWpQ,UgxTOnlTngqpXznwE5J4AaABAg,https://www.youtube.com/watch?v=2rSSxAdDhuU&lc=UgxTOnlTngqpXznwE5J4AaABAg
79,,Lucas,"2023-04-11 00:46:39",1,no,no,"New War Thunder update looking crazy",UCUV1OsFVBtRhXMYwwHBcFaQ,Ugz7Yy12zelUfjdeRt14AaABAg,https://www.youtube.com/watch?v=2rSSxAdDhuU&lc=Ugz7Yy12zelUfjdeRt14AaABAg
80,,"b u m b l e b e e","2023-04-13 07:39:07",1,no,no,"Bumblebee 😍",UCVv1z0BAAHsfASOLnPUlLIQ,Ugx020X7raLghnIB7594AaABAg,https://www.youtube.com/watch?v=2rSSxAdDhuU&lc=Ugx020X7raLghnIB7594AaABAg
81,,"Tony Tano","2023-04-13 17:57:07",0,no,no,"and bumblebee is fighting naziz now i am confused right now",UCIV7a10nLi3S1xVcvL8q5IA,UgyRDkqg0x3lArjUmzl4AaABAg,https://www.youtube.com/watch?v=2rSSxAdDhuU&lc=UgyRDkqg0x3lArjUmzl4AaABAg
82,,"supermarine pitfire","2023-04-14 06:24:33",0,no,no,Ww2,UCOqbqMH880NTzr5GB4cSe6w,UgyUQ-G0XRaz3kBtQc94AaABAg,https://www.youtube.com/watch?v=2rSSxAdDhuU&lc=UgyUQ-G0XRaz3kBtQc94AaABAg
83,,"supermarine pitfire","2023-04-14 06:24:47",0,no,no,Deutschland,UCOqbqMH880NTzr5GB4cSe6w,UgwXq8V5C2xQYe4opzp4AaABAg,https://www.youtube.com/watch?v=2rSSxAdDhuU&lc=UgwXq8V5C2xQYe4opzp4AaABAg
84,,"spice god","2023-04-15 02:10:46",0,no,no,"is it just me or does the old guy look like hannibal lectre",UCyNAxyhMMhgMcpbZACPvbyg,Ugyj-btlIGbnt4kZ_fJ4AaABAg,https://www.youtube.com/watch?v=2rSSxAdDhuU&lc=Ugyj-btlIGbnt4kZ_fJ4AaABAg
85,,"The Aiden comics","2023-04-20 00:45:56",1,no,no,"Nobody’s talking about how hotrod’s also there",UCjnr6SHsT-zv-HmPtwGZU_Q,Ugx4IM7-rz8Q6yOJbDR4AaABAg,https://www.youtube.com/watch?v=2rSSxAdDhuU&lc=Ugx4IM7-rz8Q6yOJbDR4AaABAg
86,,"Galm 2 | Pixy","2023-04-21 00:06:25",0,no,no,"History channel at 3am belike:",UCB_E-NF9ekvIlZhbIF32p9A,UgwQPv2pZkVfokTNK154AaABAg,https://www.youtube.com/watch?v=2rSSxAdDhuU&lc=UgwQPv2pZkVfokTNK154AaABAg
87,,"Razzel Dazzel","2023-04-22 00:21:40",0,no,no,"Just a movie but god damn I hate college education.
Your specific specialty knowledge is not as useful as a master of none. The jack holds us all higher.",UC6IZ63AeoFJV85s3XqUOS2w,Ugxk4qy70oZFAbMb5vV4AaABAg,https://www.youtube.com/watch?v=2rSSxAdDhuU&lc=Ugxk4qy70oZFAbMb5vV4AaABAg
88,,Acceptgarbage,"2023-04-22 09:04:50",0,no,no,"So you'd think the USA transformer agency would know Bee was friendly",UCc16IbjVvy8GaUpSYyEk3YA,UgwrrVlr6XcmHhHFjBV4AaABAg,https://www.youtube.com/watch?v=2rSSxAdDhuU&lc=UgwrrVlr6XcmHhHFjBV4AaABAg
89,,"Shaun O'Hare","2023-04-23 08:40:40",0,no,no,"This film was just terrible!",UCfDDob1QOAjYtGBJnkei7Tw,UgxJVDxwSIXx5G83Rfx4AaABAg,https://www.youtube.com/watch?v=2rSSxAdDhuU&lc=UgxJVDxwSIXx5G83Rfx4AaABAg
90,,sameer999,"2023-04-23 09:55:16",0,no,no,"WW2 in ohio be like:",UCbBK7t1usSLjAvAPh31O0Ww,Ugz_f6Zq_vAbkUWMpAR4AaABAg,https://www.youtube.com/watch?v=2rSSxAdDhuU&lc=Ugz_f6Zq_vAbkUWMpAR4AaABAg
91,,"Jani Hellsten","2023-04-23 14:34:34",0,no,no,"So Hitler have must been desepticon?",UCl7gyIEmJkq11x1KpKkQ2fQ,UgxY4CFA0lrwDeyGe3d4AaABAg,https://www.youtube.com/watch?v=2rSSxAdDhuU&lc=UgxY4CFA0lrwDeyGe3d4AaABAg
92,,"Joseph Spadavecchia","2023-04-24 01:23:00",1,no,no,"Great job bee it’s revenge for the holocaust",UCOQcSpJYR0dFRp5JyXXB7kg,UgwDMXTeClCy6e8VIbl4AaABAg,https://www.youtube.com/watch?v=2rSSxAdDhuU&lc=UgwDMXTeClCy6e8VIbl4AaABAg
93,,"☆Fred the north chicken☆","2023-04-28 17:01:02",1,no,no,"Hitler: what is this😡😡😡",UCe7K0ZACx0fRdAi4zzuAyUQ,UgykKRLwDm-IiW5xKdx4AaABAg,https://www.youtube.com/watch?v=2rSSxAdDhuU&lc=UgykKRLwDm-IiW5xKdx4AaABAg
94,,"Mohit Sawant","2023-04-29 15:51:31",0,no,no,"You know instead of transformers taking place in modern time they should consider making a movie taking place in WW2 the autobots on the allies side and to make it a transformer movie  we can have a group outlaw decepticons  of 5/6 with cool designs with a decepticon logo and swasktika who work for Hitler as bodyguards but they also despise the human race and in one scene they  plan and kill Hitler and that's when they plan to try to takeover Earth and also fight the autobots for centuries  think of it was a villain origin movie",UC2ENOpJvxAigqLxBDdfy5gw,Ugw45JQ_2JEmD5XiKoR4AaABAg,https://www.youtube.com/watch?v=2rSSxAdDhuU&lc=Ugw45JQ_2JEmD5XiKoR4AaABAg
95,,ElFirulais,"2023-05-02 04:28:29",0,no,no,"I like how in the bumble bee movie throw this movie to the garbage",UCMp5AwBaHhbdrVLtRkCYpMQ,Ugyuhwne3soxtO8Dntt4AaABAg,https://www.youtube.com/watch?v=2rSSxAdDhuU&lc=Ugyuhwne3soxtO8Dntt4AaABAg
96,,"Emperor Compy","2023-05-02 06:48:02",0,no,no,"""We dont harm humans""

ZB7:",UCnQZBapsiKbGCN1dpuMTGTg,Ugz4QeslFHP6u4TtGRx4AaABAg,https://www.youtube.com/watch?v=2rSSxAdDhuU&lc=Ugz4QeslFHP6u4TtGRx4AaABAg
97,,Ghost,"2023-05-05 20:51:22",0,no,no,"this movie made no sense🤦🏽‍♂️🤦🏽‍♂️",UCQJEoZhQplzA3nKiNpRj5Aw,UgxjwHND5I0R52cs7iF4AaABAg,https://www.youtube.com/watch?v=2rSSxAdDhuU&lc=UgxjwHND5I0R52cs7iF4AaABAg
98,,"Yasin Hany Nour El Din","2023-05-06 11:33:00",1,no,no,"fun fact: technically unicorn ate and destroyed the bay verse after transformers 5",UC5Ky_zokkiOy6Nq2X_CiV5w,UgzGv8qJgpYyK9egPFF4AaABAg,https://www.youtube.com/watch?v=2rSSxAdDhuU&lc=UgzGv8qJgpYyK9egPFF4AaABAg
99,,"Willy Wanka","2023-05-07 10:03:49",0,no,no,"Bunblebee with the armour plating looks fantastic",UCkT0jGncDl8DFEgT-YQb3Cw,UgwMsL6KMPbZAxULt-N4AaABAg,https://www.youtube.com/watch?v=2rSSxAdDhuU&lc=UgwMsL6KMPbZAxULt-N4AaABAg
100,,"McRib Prime","2023-05-08 12:25:38",0,no,no,"Worst transformers movie ever made a crime against this frsnchise",UCBl3xNQaWrHgHdA97Ok5wqA,UgyJfxIGUb3r78W8_TJ4AaABAg,https://www.youtube.com/watch?v=2rSSxAdDhuU&lc=UgyJfxIGUb3r78W8_TJ4AaABAg
